product_id,product_name
P0001,Ten
P0002,Late
P0003,Trial
P0004,Focus
P0005,Evening
P0006,Mission
P0007,Foot
P0008,Across
P0009,Sea
P0010,Garden
P0011,Pass
P0012,The
P0013,Short
P0014,Start
P0015,Fast
P0016,Budget
P0017,Order
P0018,Hour
P0019,If
P0020,Yard
P0021,Fly
P0022,Before
P0023,Production
P0024,Inside
P0025,Everybody
P0026,Common
P0027,Rest
P0028,Top
P0029,Have
P0030,Cell
P0031,President
P0032,Decision
P0033,Church
P0034,Set
P0035,Create
P0036,Indicate
P0037,Site
P0038,Past
P0039,She
P0040,Television
P0041,Eye
P0042,Manager
P0043,Majority
P0044,Bag
P0045,Beyond
P0046,Despite
P0047,Standard
P0048,View
P0049,Figure
P0050,None
P0051,Nor
P0052,Economy
P0053,Store
P0054,How
P0055,Test
P0056,Pay
P0057,Use
P0058,There
P0059,Bed
P0060,Center
P0061,Process
P0062,Brother
P0063,Sell
P0064,Material
P0065,Focus
P0066,Hot
P0067,Then
P0068,Determine
P0069,Themselves
P0070,Understand
P0071,Sit
P0072,Address
P0073,You
P0074,Move
P0075,Front
P0076,Art
P0077,Admit
P0078,Avoid
P0079,Indicate
P0080,Ok
P0081,Risk
P0082,Role
P0083,One
P0084,Action
P0085,Her
P0086,Project
P0087,Maintain
P0088,Sister
P0089,Perhaps
P0090,Remain
P0091,Yet
P0092,Simply
P0093,Federal
P0094,Decide
P0095,Public
P0096,Per
P0097,Product
P0098,Teach
P0099,My
P0100,Stand
P0101,Whom
P0102,Indicate
P0103,Fill
P0104,List
P0105,Education
P0106,World
P0107,Whether
P0108,Do
P0109,In
P0110,Room
P0111,Commercial
P0112,Management
P0113,Exist
P0114,Stock
P0115,Easy
P0116,Situation
P0117,Technology
P0118,Phone
P0119,Week
P0120,Administration
P0121,Discuss
P0122,Building
P0123,Relate
P0124,Important
P0125,Within
P0126,Treat
P0127,Left
P0128,Top
P0129,It
P0130,The
P0131,Situation
P0132,Student
P0133,Leave
P0134,Business
P0135,Ability
P0136,Another
P0137,Wind
P0138,Able
P0139,Scientist
P0140,Artist
P0141,Thank
P0142,Get
P0143,Couple
P0144,Outside
P0145,This
P0146,Nice
P0147,Cell
P0148,Herself
P0149,Memory
P0150,Somebody
P0151,Remain
P0152,Five
P0153,Rise
P0154,Past
P0155,Hope
P0156,Class
P0157,Human
P0158,Maintain
P0159,Yourself
P0160,Everyone
P0161,Hot
P0162,Fish
P0163,Education
P0164,Page
P0165,Result
P0166,Program
P0167,Per
P0168,Hot
P0169,Drug
P0170,Child
P0171,Later
P0172,Knowledge
P0173,Last
P0174,Evening
P0175,Begin
P0176,Occur
P0177,Blood
P0178,Total
P0179,Live
P0180,Least
P0181,Since
P0182,Follow
P0183,Before
P0184,Table
P0185,Role
P0186,As
P0187,Central
P0188,Leader
P0189,Property
P0190,Throw
P0191,Forward
P0192,Write
P0193,Possible
P0194,High
P0195,Purpose
P0196,Fear
P0197,Knowledge
P0198,Trip
P0199,Throw
P0200,Not
P0201,Free
P0202,Fund
P0203,Common
P0204,Yourself
P0205,Important
P0206,Clear
P0207,Consumer
P0208,In
P0209,Common
P0210,President
P0211,Find
P0212,Thank
P0213,Pass
P0214,Risk
P0215,Game
P0216,Under
P0217,Place
P0218,Employee
P0219,Learn
P0220,Check
P0221,Yet
P0222,Traditional
P0223,Song
P0224,Kind
P0225,World
P0226,Pick
P0227,Environmental
P0228,Once
P0229,Energy
P0230,College
P0231,Story
P0232,Condition
P0233,Whatever
P0234,Never
P0235,Once
P0236,Current
P0237,Build
P0238,Grow
P0239,Participant
P0240,Discover
P0241,Leg
P0242,War
P0243,Tv
P0244,Experience
P0245,Spend
P0246,Lot
P0247,Process
P0248,Interview
P0249,Occur
P0250,Manage
P0251,Raise
P0252,White
P0253,Business
P0254,Rise
P0255,Training
P0256,Data
P0257,Surface
P0258,No
P0259,Window
P0260,Should
P0261,Remember
P0262,Determine
P0263,Cultural
P0264,Lay
P0265,Individual
P0266,Relationship
P0267,Leader
P0268,Itself
P0269,Medical
P0270,Class
P0271,Short
P0272,Other
P0273,Sit
P0274,Bill
P0275,Shoulder
P0276,Trouble
P0277,Without
P0278,Court
P0279,War
P0280,Another
P0281,Think
P0282,Ever
P0283,Bill
P0284,Newspaper
P0285,Sport
P0286,Soon
P0287,Play
P0288,Successful
P0289,Entire
P0290,Agree
P0291,Offer
P0292,His
P0293,Much
P0294,Act
P0295,Far
P0296,Without
P0297,Owner
P0298,Always
P0299,Artist
P0300,Technology
P0301,Activity
P0302,Short
P0303,National
P0304,Suffer
P0305,Professional
P0306,Hospital
P0307,Chair
P0308,Ever
P0309,Lay
P0310,Where
P0311,Per
P0312,Fish
P0313,Population
P0314,Interesting
P0315,Century
P0316,Apply
P0317,Outside
P0318,Phone
P0319,Policy
P0320,State
P0321,Large
P0322,Result
P0323,Lay
P0324,Occur
P0325,Bank
P0326,Happen
P0327,Star
P0328,Company
P0329,Skill
P0330,Seven
P0331,First
P0332,Sort
P0333,Stock
P0334,Page
P0335,Cup
P0336,Carry
P0337,Carry
P0338,Record
P0339,Thank
P0340,Determine
P0341,Together
P0342,Admit
P0343,Beat
P0344,Shake
P0345,Now
P0346,Kind
P0347,Mention
P0348,Box
P0349,Maintain
P0350,More
P0351,Campaign
P0352,Quickly
P0353,Since
P0354,Pm
P0355,Together
P0356,Choose
P0357,Prevent
P0358,Trade
P0359,Site
P0360,Unit
P0361,Product
P0362,Before
P0363,Scientist
P0364,Open
P0365,Nation
P0366,Control
P0367,Into
P0368,Relationship
P0369,Computer
P0370,To
P0371,If
P0372,Director
P0373,Out
P0374,Number
P0375,Same
P0376,Yet
P0377,Above
P0378,Miss
P0379,Field
P0380,Election
P0381,After
P0382,Science
P0383,Worker
P0384,Vote
P0385,Recently
P0386,Tell
P0387,Once
P0388,But
P0389,Learn
P0390,Check
P0391,Sure
P0392,Suggest
P0393,Beautiful
P0394,Wife
P0395,Style
P0396,Whole
P0397,Collection
P0398,Might
P0399,Cause
P0400,You
P0401,Thank
P0402,Fill
P0403,Read
P0404,Student
P0405,Behavior
P0406,Page
P0407,Realize
P0408,Enjoy
P0409,Fly
P0410,Arm
P0411,Avoid
P0412,Free
P0413,Where
P0414,Wife
P0415,Stock
P0416,Grow
P0417,Service
P0418,Especially
P0419,And
P0420,Boy
P0421,Cover
P0422,Color
P0423,Focus
P0424,Now
P0425,Somebody
P0426,Physical
P0427,Sometimes
P0428,Similar
P0429,Cost
P0430,Carry
P0431,Brother
P0432,President
P0433,Bag
P0434,Indeed
P0435,Product
P0436,Win
P0437,Energy
P0438,Finish
P0439,Nature
P0440,Federal
P0441,New
P0442,Country
P0443,Arrive
P0444,Woman
P0445,Leader
P0446,Contain
P0447,Professor
P0448,Choose
P0449,Put
P0450,Evening
P0451,Chance
P0452,Already
P0453,These
P0454,Huge
P0455,Dark
P0456,Century
P0457,She
P0458,Heavy
P0459,Mind
P0460,Entire
P0461,Model
P0462,Late
P0463,Possible
P0464,Science
P0465,Down
P0466,Modern
P0467,Drug
P0468,Establish
P0469,Ok
P0470,Section
P0471,Body
P0472,Whole
P0473,Occur
P0474,Modern
P0475,Inside
P0476,Spend
P0477,Kitchen
P0478,Him
P0479,Join
P0480,Could
P0481,Mission
P0482,Mother
P0483,About
P0484,Year
P0485,Growth
P0486,Rate
P0487,Office
P0488,Single
P0489,Rise
P0490,Today
P0491,Work
P0492,Republican
P0493,Across
P0494,Guess
P0495,Especially
P0496,Partner
P0497,Fire
P0498,Future
P0499,Make
P0500,Every
